Room ID,Room Code
001cde51eb56da3368e3e69e815ae292,Liberal Arts Hall (LBR)-3220
00365428e24c35b528fa8b2fa3db54a8,Frank E. Gannett (GAN)-1265
00906741e47b2156910eb3921076506b,Thomas Gosnell Hall (GOS)-3310
0101519b8b3746cdb4761906e19b99c8,Hale-Andrews Center (HAC)-1320
014313014b36cad01bd9b563d281100b,Golisano Hall (GOL)-2410
02501b199bc0d2f7ebc8ea5cd3243db1,Frank E. Gannett (GAN)-A151
025cf2ca5d4c3ccfbfde14da41a0ede6,James E Booth (BOO)-4631
028e5f4a7a3684f7476e63fecbcdc42b,James E Booth (BOO)-1912
02c0f5520c3c6aec53c3b3677199b500,Frank E. Gannett (GAN)-2274
02dc73e1194410c1b145e7185d74ae18,Thomas Gosnell Hall (GOS)-2154
031f2d1a113e3e98f3f655128d991efc,Dubai E-219
03752df70ff0111e6627524339fd0731,Engineering Hall (ENG)-2700
051ace6e00e1280c17be435395d0a7e5,James E Booth (BOO)-A345
0557aaca9576ec381a7dd8be71c335a0,James E Booth (BOO)-2554
05d767a0e96fdc860b3619be89c65dc4,Hale-Andrews Center (HAC)-A120
05d8e5c5874fb3b67964aa5a0f60b005,James E Booth (BOO)-3340
05f244ae059ea8a5b7d702755ad1d2ca,George Eastman Hall (EAS)-3319
0600107ad48e1af9b1a810a55709230d,Dubai D-214
0665709c836cef2397fc83784b12cd63,Hale-Andrews Center (HAC)-CT4
067cc5db3b45ae058c006661261d67b3,Carlson Ctr Imaging (CAR)-2155
068fca88ef73d1e1909879c7b8ba7341,James E Booth (BOO)-3630
0766c13549efcf323537f6f105dc940d,Monroe Hall (MON)-2000
07752147e5fcb144d5d15aed913be0a8,Wallace Library (WAL)-4640
07cafe1aee32fa5cbd6651e95625c604,Max Lowenthal Hall (LOW)-1125
089218f8d604fd695f6cda44151be869,Monroe Hall (MON)-2070
089e5c1696370a6d1f9c7f99a6a31fb9,Lyndon Johnson Hall (LBJ)-1710
09f3e5b6effe3ff6d10565c77c5e62e9,Thomas Gosnell Hall (GOS)-3000
0a265af2b4d46447c15f1a7916b6cd1c,James E Booth (BOO)-2530
0a91c7fcf88f2195d90bfee3ec40373b,Wallace Library (WAL)-A410
0af2cb0043e27227d85d7bd46b086ce9,Thomas Gosnell Hall (GOS)-1365
0af857dbe1a7891901ede0765a8883a4,MAGIC Spell Studios (MSS)-2060
0ba7d16ca50f3a3fa32cd7703cb6c09e,Frank E. Gannett (GAN)-4060
0bd86bc8b88df1a441ff5820292c0d34,Thomas Gosnell Hall (GOS)-3130
0bda5cff09204b75bfc5b8d203831e0f,Golisano Hall (GOL)-2730
0c4d50a093910e35d779432f608cf23b,Carlson Ctr Imaging (CAR)-2230
0cc60732d28b87a5a363586cd7e32c67,Dubai B-004
0d1a577229c741327d480e441a6558ce,James E Booth (BOO)-A315
0d3b8fab80e0e7e0912ef2aa0e2759c4,Golisano Hall (GOL)-1103
0d86621c2127f67163f66f2e23a43eb9,Wallace Library (WAL)-4600
0dabde18fe1c5ae611817c875c9ce675,Dubai D-113
0dda38d35df6cad5bf72d8666e450f4b,James E Gleason Hall(GLE)-3259
0e62013a3f0ce9245a7a4d9fc01e5252,James E Booth (BOO)-1315
0f230268ca2b52ae95e68916d45cd614,James E Booth (BOO)-4720
0f3bd44174e39c48dc15148814225b4f,James E Booth (BOO)-3630
0f92dc312822510a7f6b8c3214498f33,Gordon Field House(GOR)-POOLRE
10279d89bb5b46f747943057e952ff52,Hale-Andrews Center (HAC)-A110
10b199f16e82fb16824f482a0e912709,Hale-Andrews Center (HAC)-A410
112271efdb4fc197cece1c2e29e3f068,Slaughter Hall (SLA)-2480
11411ba02462f6dd8b118d8926714a8b,DBK 21
11626f849adbddc8a6f8f5adaa89a131,Lyndon Johnson Hall (LBJ)-3237
1167ceba9eb128379838535e95df7680,Lyndon Johnson Hall (LBJ)-1860
12176271fa99889b9eb7f424e42f3b20,Golisano Hall (GOL)-2650
12463aa6be23f2815b08ea984238d2be,Hale-Andrews Center (HAC)-A130
124d86ac5fc1eb4108fad3858e70daa1,Lyndon Johnson Hall (LBJ)-1400
12557cffa02f0602daa445d9db99cf03,Frank E. Gannett (GAN)-4202
12c8401ac10cfa855d0c90a243b4f91a,Frank E. Gannett (GAN)-2130
12c977875174c8e6e006b78c82a362c5,Dubai D-006
133fe6766dd4336f1636e68694995d98,Dubai D-212
1390991d141ce2c5fe7b064113e7e431,AUK 304
13de722da949e758a1981f248f253836,Frank E. Gannett (GAN)-2241
1400246d96ca0d0faf2073027443c378,Slaughter Hall (SLA)-1555
143154ea0041db8debfb28f0a5508724,Dubai Research Lab
14c04f0be9eb956470001c194945cdd8,AUK 102
153276e1ec629a8ba187ee4e73dcb8c6,Frank E. Gannett (GAN)-3105
153470130b7699714382010405c7a051,Slaughter Hall (SLA)-2430
1540c13ef095e8b3948970c52f076f5e,Frank E. Gannett (GAN)-2271
15935b4f8e82eac012ad0506b089708f,James E Gleason Hall(GLE)-1200
15f602821869e23aed8212fbb862bc17,James E Gleason Hall(GLE)-3119
1608e53f725048d76a244d1dc30fd549,Lyndon Johnson Hall (LBJ)-1450
16fb890f9d0412bf78f0106af8639d50,Thomas Gosnell Hall (GOS)-A300
172f0367730ca42e1cdc2b688bbb4099,Golisano Hall (GOL)-1756 Video Conference Room
17759b9b0e812aae1423e4a1efe68092,George Eastman Hall (EAS)-3159
183038cc38b233fd599c22ea133f176a,George Eastman Hall (EAS)-3367
185d442b9b73cd2b17269d3fe8d6c031,James E Gleason Hall(GLE)-4460
18fa93e4bdb2962948d0222cc587c32f,MAGIC Spell Studios (MSS)-2175
193ee0a99ed1b88afe22afc5eb1b9c9a,Max Lowenthal Hall (LOW)-4050
1942e081a553a45f2a7e3000fa2783d0,MAGIC Spell Studios (MSS)-3110
1948456fce1f9ceeb0c07d1ca7aafbbc,Lyndon Johnson Hall (LBJ)-1000
19537a0f107841707c67dc7b4c3fc17e,James E Gleason Hall(GLE)-3170
19fe090425e00c974518792bb0b49b73,Frank E. Gannett (GAN)-1217
1a5a323e062b5131cf5069ba08e46fdd,Slaughter Hall (SLA)-A634
1a7b2314e966342fdc984aed27002a11,Slaughter Hall (SLA)-1445
1ab5f38de1b8d7fed02b4ffc24e0d878,Sustainability Inst(SUS)-2240
1abd1feddf62609beac9ee1441def951,Dubai D-309
1acebb1d480495708fb03133e666ed25,Golisano Hall (GOL)-3510
1ad5823bad33b830155d5958ee1494b4,George Eastman Hall (EAS)-3181
1b6ee690760ce75ed6cc7934f5d80115,Student Alumni Union(SAU)-1300
1b7cf9cd72c9729e9886ffd1e2b36891,Wallace Library (WAL)-3430
1bd550822f3e503684fa1beb2c80f4e0,Frank E. Gannett (GAN)-1201
1be0769b59e6a4d75839a4feffd6256b,Wallace Library (WAL)-A400
1bf90fa84f8d98d68ca3b557ec1aaec1,Dubai C-311
1ce90665629ab8c3e8648030f02e79c4,Golisano Hall (GOL)-2590
1db1f07c7a3a717dc413220b7f3c4878,George Eastman Hall (EAS)-3263
1ef860b22887522af530ed0759350861,SH Explore & Devel (SHD)-2300
221b206f58c7ac85af15c16e69ee2470,Slaughter Hall (SLA)-1430
2262fa5543ca4127a100bf2e507867df,James E Gleason Hall(GLE)-3410
226685fd706b9dc356cb2a8df5881fee,Frank E. Gannett (GAN)-A145
236254c0c7946713c2701236f1677634,Thomas Gosnell Hall (GOS)-1213
245cae7a8e82d78e710d52b44f5d52f6,Dubai E-103
251fece22e92c8658ab75be527e657e7,Dubai D-313
25260199c3ddf06db74f06acbbc0d89c,Dubai E-217
253e863b1e0d2b9ff840935c5ae96537,George Eastman Hall (EAS)-3320
257a7f217902f4bcf790ea49a7793b31,Hale-Andrews Center (HAC)-1270
2583212c832f340ba2756d5b4184b6e4,Dubai H-105
25853b37590f5313e5486318f53f702c,Student Dev Ctr (CSD)-1445
25c482c484790fd574c6e2e9db059f57,James E Booth (BOO)-3550
262d93baf4705b43274f04a4644c875d,Golisano Hall (GOL)-1110
263097a87b25ffea1fd402e5caabe86a,DBK L35
2661a92e0729c37b0d321193fd46df3b,Max Lowenthal Hall (LOW)-3040
26c630e67a92066166b350bd53c338e4,MAGIC Spell Studios (MSS)-2015
26cf638326720a33a0b2e7c1abe265c9,Hale-Andrews Center (HAC)-RBCT
276c610069e280edc49f30782630ad9f,MAGIC Spell Studios (MSS)-2020
27b12d3fdd299f39a8f8c1159d9ba0c7,James E Booth (BOO)-2600A
27e8150a59bef3a31a240f1e38b6bf7c,Lyndon Johnson Hall (LBJ)-1767
2819e9d99db2fa26cd363352b2a78a14,Student Alumni Union(SAU)-A120
2897f51d7737f41ec299ae159a92b9f7,Slaughter Hall (SLA)-2406
28d1f8079bdc5e463e619c433cd011e4,Liberal Arts Hall (LBR)-3244
28d7e0804f6a90c8a92e50afb0335906,Dubai B-108
2993f22b4677af973df1890acecdb1b8,Ctr Biosci Ed & Tech(CBT)-3157
29eed42b6a2fb475c37051110895d637,Lyndon Johnson Hall (LBJ)-1845
2a63bcb158044d9f402209f8784c0cff,Lyndon Johnson Hall (LBJ)-3235
2b13d53d6a353467d9f84120070070e1,Dubai H-001
2b29c92e4b6701c780346cd3b05d33ef,MAGIC Spell Studios (MSS)-3158
2c52f664f5ddf7ece49a6d1d7be4c015,James E Booth (BOO)-4610
2cb8d9505e067822d6818be1f11d6107,AUK 401
2d08d70bc1565b2a755d0959937c7408,James E Gleason Hall(GLE)-4460
2d253f04c6176c18bb8d5389679636df,Lyndon Johnson Hall (LBJ)-2460
2d692b68517813ac1c145713fb8984fc,Frank E. Gannett (GAN)-3140
2de903d97e5fcd76bc747146a6748254,James E Gleason Hall(GLE)-2355
2e603f9cdd2010d145213258ddfc0a7f,James E Gleason Hall(GLE)-2259
2eedc3693ab366308eb6623ae9293345,MAGIC Spell Studios (MSS)-3170
2f0e554c595d4d63d8bb5087cb28d358,James E Gleason Hall(GLE)-2030
2f11574c85d5295167e5324d67b57b02,Thomas Gosnell Hall (GOS)-2173
2f56facff91ff1b72def94d22615c380,MAGIC Spell Studios (MSS)-2180
2fb7d64ba507bc358b3158e66c17bb9d,James E Booth (BOO)-3520
2fe23ac5188384c39aec1d885bdd571c,George Eastman Hall (EAS)-4287
30d520d6d4596e430ad11b1c053dba15,Ctr Biosci Ed & Tech(CBT)-2140
318cf718d5bd9ead06fbfa06a7296906,James E Gleason Hall(GLE)-2260
319716951484fe796168b68302db9432,Thomas Gosnell Hall (GOS)-1231
3209fff40a51f47f43fab14dfe04106f,Dubai E-018
3213644e63ecf998b4f06c8cab3369e8,Lyndon Johnson Hall (LBJ)-2440
32638f916112b87e342d0d514addc718,Wallace Library (WAL)-3610
326f216d9badadcc1f7740b7e1044f37,AUK 201
3288ba5a674c9e8b349e9e1c3e95d8f9,James E Gleason Hall(GLE)-4460
332bb1d63ba0ccf467cabb1dcbc8bd3f,James E Booth (BOO)-4623
3373aae5a53fb64a8e9c8004382e435c,Golisano Hall (GOL)-2750
3393fa136edd804301b600eea62efdf8,Engineering Hall (ENG)-2700
33bf990f5c5e34a65bceaee57a0b685e,Online
33c7bec1242487ff07a911184cff1cff,James E Gleason Hall(GLE)-4460
33da59f2e25662763f412b7175a86f2f,Engineering TechHall(ENT)-2165
347591939220b6847ca496537ddc8459,Lyndon Johnson Hall (LBJ)-1605
349f47c4405125d9ceac4561162e3fbf,George H Clark Gym (CLK) - GYM
34ed0010dc7ff9a6919e2aef808750b5,Max Lowenthal Hall (LOW)-3235
3599b179dd3a4018f918e28e364b3227,Max Lowenthal Hall (LOW)-2312
359abd5b5e2d9d3668daf528cd8db490,Frank E. Gannett (GAN)-4090
35d3c27b407939cee817244c69d592d7,Frank E. Gannett (GAN)-2236
360f4740c051e5c85dc4664ff29a982f,James E Booth (BOO)-3496
36279cce1d884de821932b358e0dc07b,Red Barn
367599476cb8efeccf471d7dd1b07651,James E Booth (BOO)-4510
36936d02bb2a676023a1041b5a675b71,James E Booth (BOO)-A311
36bd84c481f57a4059a562c7d30d1f5c,James E Gleason Hall(GLE)-2360
36cfb9b1f54094b4951d5c9857685720,Monroe Hall (MON)-2030
37586cf796701ac1e5dfebc21a7f5aa2,AUK 204
37da0025b5e7c3e9a475446ca0782b17,James E Booth (BOO)-3634
39a27f795780c604d05b5d02c3db6b78,James E Gleason Hall(GLE)-2260
39e04e903beca4fe307f5f3eae070ede,Hale-Andrews Center (HAC)-1325
39e4922b5872b51fb8e1d2df547bba4f,Golisano Hall (GOL)-2520
3a3ad504234941f189215165c5583098,Sustainability Inst(SUS)-2140
3a4dce537d5fed63115bc8431a8aaddb,George Eastman Hall (EAS)-4125
3ae29c06f5278da7e88d43b8ae52f0d0,Monroe Hall (MON)-2060
3b87c97c4df60ede80412484df1e7593,James E Gleason Hall(GLE)-1001
3bd22d6484594dbf28f40db2d3dd0bfc,James E Booth (BOO)-2480
3cc17bebc6a5cc6628b5100dd40d640b,Golisano Hall (GOL)-1445
3cf322333d048d86635c888b8de3d889,Max Lowenthal Hall (LOW)-3245
3cffce3e88180d14f1b565d6aa3660f8,Institute Hall (INS)-2170
3d2ebbba5522ff7c55db064794da3112,Monroe Hall (MON)-2089
3d32398f92725045f83e15ad8eddf2ff,Lyndon Johnson Hall (LBJ)-3625
3d4f1667e73c1a136de459ec67bb22a6,Thomas Gosnell Hall (GOS)-1250
3dc9c8ae8a6512ea7aa98088a1aa6aac,Dubai D-210
3e53df1e857bca3906a22066f51b6173,Carlson Ctr Imaging (CAR)-3205
3ee8bc6dc4a8120b19229d35b4b59907,Thomas Gosnell Hall (GOS)-3261
3f6f27e517108fad27b4de9b4d1f1580,Frank E. Gannett (GAN)-2182
400950ec7ec0812ee7b9f5398835e8e1,James E Gleason Hall(GLE)-3280
40ddb26c768efef59751103a88ca6a67,Student Alumni Union(SAU)-A130
413bb030339defe635232abf981c7ac2,Golisano Hall (GOL)-1750 CSR
42227c57e8ff3b505fbf2c5931fdd079,Thomas Gosnell Hall (GOS)-1154
42e69ec814d24608e1052ccea83a1b97,Engineering TechHall(ENT)-3125
43bf5e83195159193b0205ef948618e9,Wallace Library (WAL)-A440
44d3297197efde460281b684560518fa,George Eastman Hall (EAS)-3355
44e3f856f523e02571238d024d0b0035,Dubai H-211
44e6296597466324e14a4f797206d410,Golisano Hall (GOL)-2000
4504d5ec6f661e398d32ef6afd945cc0,Frank E. Gannett (GAN)-3030
45314c79fcc2394ad365c213f03d7b8e,James E Booth (BOO)-2631
4589034b7ec523b7c01bccc69b5cea05,Carlson Ctr Imaging (CAR)-1275
45e724d7a638b7ad75dc24670ed0bd4e,Off-Campus Location
464999cd9c83f14ae14459b055709e03,Lyndon Johnson Hall (LBJ)-1480
464a7eadb7d48bdb1d4d4f3f2575456a,Thomas Gosnell Hall (GOS)-3345
468a0803fdc9dedb57cd292cd1883071,Max Lowenthal Hall (LOW)-1115
46b0ff165201bbc4cd972eca960b12c4,Lyndon Johnson Hall (LBJ)-2450
4726e33114f0792f12659cb44e0be9da,James E Gleason Hall(GLE)-3100
47c4631ecc1833a1a8ba9dc027ae7f3a,Dubai D-316
48298f2cccb8360dd48bb013c67f2cdb,Golisano Hall (GOL)-2400
49075af56415333bddcf5079e6d1c9b8,DBK 31
49f62b5eb6e32eaf06ea6e28986cbd7e,George Eastman Hall (EAS)-Lobb
4a20a576267f99b882292b0f191ce3fa,Engineering TechHall(ENT)-1165
4a519b785c19f8b3d1d2ea94d160c462,AUK 104
4a698e1b61d9d03e29722f0ab5436d05,Max Lowenthal Hall (LOW) -1215
4a7083b2ab5d02bb1c29355828ddcb8e,SH Explore & Devel (SHD)-1360
4b5e366ffc4b429c845c5cd7b81cc9c3,Hugh L Carey Hall (HLC)-2585
4b63256ece188f35c668ad62ab77e917,Engineering Hall (ENG)-2700
4bdfa1f9f64550d28b2db386e5883147,James E Booth (BOO)-1540
4c23db60246332f9225a6f749be087de,Lyndon Johnson Hall (LBJ)-2430
4c69fc0673a2db93cb86635b7601a411,Dubai E-110
4d6fd26b59c842ece29f72e3756265a3,James E Booth (BOO)-2630D
4d8973e88d58bbd3c435fd1380b0c2bf,Hale-Andrews Center (HAC)-1290
4e435637a2ab535a4f3b4907d3364fc0,MAGIC Spell Studios (MSS)-2010
4e8602b1d601bd4a4ddc80f44fa7d80d,Golisano Hall (GOL)-3650
4e931ea0820d56eaf3af6d91f44174cb,James E Booth (BOO)-2630A
4f2cb9bf60a76e22f2c80fb58cbe87bb,James E Gleason Hall(GLE)-3489
50177aea26c09d3e0691cb447a3a6df7,Lyndon Johnson Hall (LBJ)-1811
508abfaa4646c122e3444ce603fec48c,Frank E. Gannett (GAN)-A060
512f4d8e536b4ee7fa97a9e0d0e46a38,George Eastman Hall (EAS)-3171
522c9c2153fa79b57087a85334eb9363,Max Lowenthal Hall (LOW)-1135
524a95b9806b9d7ce4517d3305d265b0,Thomas Gosnell Hall (GOS)-2163
52f61bea81489a1752794662a526b6ab,AUK R&D Lab
52f630cf31ab71907e2942e8aa5117db,ZAG-06
5355c2b06e69d478cc40bbb5bf1a72b6,Institute Hall (INS)-2190
535bcbdcf096559262e05c04d90899fa,James E Gleason Hall(GLE)-2130
53770baa7774fd54a0c3e673e7857277,Wallace Library (WAL) - 1660
538f5aee37764037adfab8b93a518d08,Dubai C-109
53e7e63469d454bb5d35c5f570f247d6,Thomas Gosnell Hall (GOS)-2231
53f2a21241bd6e0ec6c7d10ae5531192,Engineering Hall (ENG)-1535
53f888ed117fa2a93e3507a978832c4e,James E Gleason Hall(GLE)-2159
5433b98480c858f244d9109e135741d6,SH Explore & Devel (SHD)-2120
54835d5b834780716db8caf5e7ab9da7,Max Lowenthal Hall (LOW)-3215
54e6006214dd44ff0ffea421049209d0,George Eastman Hall (EAS)-3191
54f0c1761f1c39ff0571923c026807f8,AUK 203
5551e24a84272383e854bba884b3ed28,Liberal Arts Hall (LBR)-3225
5553d96a35eba743c244173a5d0fc9f2,DBK 35
559e62f816f0593272272e55c4d58f89,Golisano Hall (GOL)-1455
55f67c5e9beab2364bdaa1eaab5d4144,Dubai D-110
56658230d5e58a355386d6ac61475902,George Eastman Hall (EAS)-3335
56a05bf179d77fdfff7c2af7d8fc6373,James E Booth (BOO)-4636
56d07535d37d65adb45822c763ec223b,Golisano Hall (GOL)-1400
56e26030c1fc28ec7f73ba891bb57fe8,Golisano Hall (GOL)-1190
5755486088f2d2c83bb0f7f9223f152c,Sustainability Inst(SUS)-3200
57d8018387b18e9e33b0db69a3cfa209,Engineering Hall (ENG)-2700
592dd18ce87527aa3532907ca03ec2f8,ZAG-35
599b93e83c1b5ffacf9f674d1fdb7a01,Frank E. Gannett (GAN)-1104
599d083f09b9b94295fcab362850e2e8,Thomas Gosnell Hall (GOS)-2365
5ab84bebf3bd7938bd5d74a11e1eebda,Lyndon Johnson Hall (LBJ)-1320
5ace555e0f7dff531bd62a9662367a7e,Wallace Library (WAL)-4480
5b9726c76777ee4c79509d10b83a9d39,ZAG-01
5b99f8ad350a2dac21257eb7792ddc87,Engineering Hall (ENG)-2700
5b9ada3f8aaf909907fc3df872fec7b7,Lyndon Johnson Hall (LBJ)-2345
5c2048840806c75c5a24ee42b78c2351,Lyndon Johnson Hall (LBJ)-2325
5d0165d808a3c7657a0ef9962aeaaaed,James E Gleason Hall(GLE)-2410
5d1b0c42d54d65a1f0faa3d78666944e,Golisano Hall (GOL)-3690
5d44c73753b5bcf4589302a9093af975,Lewis P Ross Hall (ROS)-A203
5d4be6d1188c056473e3ba359374cac4,AUK 301
5dbccacc1cd2940117cad65b00cf61be,Golisano Hall (GOL)-1320
5de04a7948d1b6d069f30351e9467e24,James E Booth (BOO)-3630
5e0d6f0ae875f54bc21e89be0f30c5d7,Thomas Gosnell Hall (GOS)-1174
5e274a345cd8e52356937d09f094e789,Dubai E-212
5e4ca3697222b02a7e913358f7accc38,Lyndon Johnson Hall (LBJ)-2470
5fc4a6f36d964cf72b1e83d12f855ba4,TBD
5fe8ba3d7184da789dd176d00c39176c,James E Booth (BOO)-3510
5fef156f0dd26b3f1dee5112aa26bc03,Dubai E-218
6026e0b5d6acf4840ed2ec4343d901e4,James E Booth (BOO)-1303
605ea1e7e21f4a33133d1b433cb0036b,James E Booth (BOO)-1620
60895c1df9ace32ecc4f9f88c33ebd5a,ZAG-09
61cee88e91adb4bd7d905d804475622c,Lyndon Johnson Hall (LBJ)-1560
61f42cfcd7989754c5397dfa20d982a6,Frank E. Gannett (GAN)-1212
622e73426408fc09c4437ffa846e2441,Golisano Hall (GOL)-2620
626e1dfaf48f4cc80b7846acac36d1ee,AUK 202
628637f1eca5cad962949428fb0e105e,Douglas Sprague Perry(DSP)1250
62afaff195e49e651b8feda5641b1beb,Lyndon Johnson Hall (LBJ)-1470
6335eb6f45cea19fc51f013b69a718af,Lyndon Johnson Hall (LBJ)-1460
6397bef85f9dc2bd303535ca68b593ff,Dubai G-216
63d7f1e6dc5287266112fc390828f4a0,Dubai C-003
6444018ee6032c6e48aa56dc6f0fd493,George Eastman Hall (EAS)-3381
644824b21c59593bd72ab4ef7ddf3752,James E Booth (BOO)-2520
64ac31fdb98d47853ee7668dc01575a1,Thomas Gosnell Hall (GOS)-2130
64b15d97e97eafa5e66b3f2f6478dd4a,Carlson Ctr Imaging (CAR)-3240
6506eb5ba3c73ecaeba28746721f84b6,Hugh L Carey Hall (HLC)-1201
653efe151949dfbee5f9befbc2b281ef,James E Booth (BOO)-2600
659664f64d373c9f07b0e434211685fe,Frank E. Gannett (GAN)-2070
659d4c64dc280f710cee9aefd0ac1d37,Engineering TechHall(ENT)-2125
65c7c8660a76700b533f1f48e1183ef0,Frank E. Gannett (GAN)-3153
65dfeaa53fd3aae1f4883ad7c647443b,James E Booth (BOO)-3540
66034955f0075350a8c73e2042ce3d10,MAGIC Spell Studios (MSS)-2150
6675f3a95791f013acd54a72d5278045,Dubai H-003
67929ccef535c998b7e175e528c23fdf,Dubai H-210
67d6da137bff12b6b11850d8fc1842ad,Dubai H-107
6815f1c8dce8e8a5836af8f8619ed9ba,James E Booth (BOO)-2631
684ce527922513c0ddd2702c11d4d466,Golisano Hall (GOL)-2740
68e7f9a5077148b3ef38b71f39903dcc,Orange Hall (ORN)-1375
697fde8d9400396e1499e51d2b14558e,Lyndon Johnson Hall (LBJ)-1440
6a69bfb5ec05e505c6fa4572d985f9d4,Thomas Gosnell Hall (GOS)-3178
6af14f7a5701e6d6957af1feb5a407be,Liberal Arts Hall (LBR)-3201
6b3edd5a2227f85f6a49fbda178c7418,Slaughter Hall (SLA)-A610
6b7aac6163f37fc29072230525da532c,Student Alumni Union(SAU)-1250
6b9195b3f59078becef8f5c43b631874,Frank E. Gannett (GAN)-1226
6b97b586e968562897148eb4cd6bbf95,James E Booth (BOO)-2631
6bccf2f7790cd9cc0839629aa83b69c8,James E Gleason Hall(GLE)-4435
6c1c35d1bff0fc22ae7689f11f990517,James E Booth (BOO)-4601
6c5a93872fb12a19490719c5f9933978,Engineering Hall (ENG)-2700
6c8a6d986897f4a1f9814448272960c7,Golisano Hall (GOL)-2455
6c96cf7ca127d09c3c0ca249bbda6d26,Wallace Library (WAL)-3440
6cd8914ecd3700d859cca993c52bd8e9,Golisano Hall (GOL)-1650
6d1712ce193d32edef04ead83c2ddfc0,Lyndon Johnson Hall (LBJ)-3710
6d2cc5314487e3e2fa0756cc2a4c52a8,Slaughter Hall (SLA)-1680
6d4fb93e8840768065d9d72def2a6271,James E Gleason Hall(GLE)-1149
6d57699ab3b84daa6d1a6ed454a304a2,Lewis P Ross Hall (ROS)-A255
6d720addd327a801eb9107a1a34e4912,Lyndon Johnson Hall (LBJ)-1510
6df6318341fb65afd24e3cf4bda37204,James E Booth (BOO)-3634
6f87f4539a90d8f3ce28bf06c6ef82cf,Golisano Hall (GOL)-3640
70255355c70c957a0163e039d76d7d88,Dubai B-106
704798c1a93e9b05065c65bb3666c8b8,AUK 302
70c461387d508c099c0be6110cb3ff49,Dubai D-114
71322ac6a5c9f0ccb629c0a014b433fc,Golisano Hall (GOL)-1530
71a13cc3edc531a47464833d73c56924,Slaughter Hall (SLA)-1530
7288235a15639dc5536690e2a2fd247f,Lyndon Johnson Hall (LBJ)-1520
72b565aea076cbaf66a76fea36f23fab,James E Gleason Hall(GLE)-2580
739b9689632d0636a5e9a3e8da8a46a4,James E Gleason Hall(GLE)-2460
73bdd86e7f8a9cb06e00377e8c774f4f,Wallace Library (WAL)-4620
7413eabec0e79adfa258ad81e1c3ac2f,Dubai H-214
7418cc8ab4e8d19a312a95c75330c5a7,Carlson Ctr Imaging (CAR)-2200
7436de7a9b7075ceb5365ba1d5b33a97,James E Booth (BOO)-1420
7449220dc1c29cc8ef1cf9b781d9af74,Golisano Hall (GOL)-1130
74cdff09e329d53d7064655755663472,Liberal Arts Hall (LBR)-A230
755c8b7cdab3466a8ae5a450acd8eb21,Institute Hall (INS)-1160
760ff590d44d80d9254a5c8c0e73b099,Ctr Biosci Ed & Tech(CBT)-2110
76d6c07a67179706700172c1188a2757,Liberal Arts Hall (LBR)-A260
76f06db6af6cfd67aa33c602fd9be878,Lyndon Johnson Hall (LBJ)-1445
770253941cfa116141e8288d8cb36cf7,Frank E. Gannett (GAN)-1294
7814673ea3737b78bbaa5240fbf36320,Sustainability Inst(SUS)-3150
7849f8e9018b7c3a5eb55ae9bc7c0a72,Dubai D-107
785b88a762f37ff48e6f7149909303a7,Wallace Library (WAL)-3530
7906e5b8026bedd11e0b5a621632e2bb,James E Booth (BOO)-2630B
791fa20feef451fe6ecc1b76dce7318d,Dubai B-211
7a18821b91b90ea3f4f38be81c07ce48,Kate Gleason Hall (KGH) - A055
7ab844cb24aa17224a26bdd91431dec3,Frank E. Gannett (GAN)-2215
7ac994524332d15225a63fd2dee29637,James E Booth (BOO)-3634
7ad91e08f0d5a1d21aa2b5326a4d2486,Frank E. Gannett (GAN)-A070
7b5f073a9d668c8fe08687b0fb90cc64,Outdoor Track Complex
7b997c183f5b0fea68a80f3a3e87c722,Slaughter Hall (SLA)-A615
7bcc82b4fa583ba7289873ecfa6585cd,Lyndon Johnson Hall (LBJ)-1570
7bd30ee5144a40485c4f5fa75959c1c0,SH Explore & Devel (SHD)-4350
7d656b0a5b63e134edb11ff927d42ef3,James E Booth (BOO)-A410
7e1418f57db451025791fc005a66d768,Dubai E-114
7e3b638839cac9bf85adaf70fc8831fe,Engineering Hall (ENG)-2700
7e4dcd27150e8cce02f537754e2514a8,Wallace Library (WAL)-A450
7e7f7b0f22206b45e424491944f5c101,Thomas Gosnell Hall (GOS)-A365
7f3da437925911206656acbd9197ee0c,Slaughter Hall (SLA)-1580
7f970f93dc93364379a092c36218f309,James E Booth (BOO)-1510
803a9a247f5e77110109332956d20317,Frank E. Gannett (GAN)-A150
80630107e81389c5ed61dadee95534e0,Wallace Library (WAL)-3520
80f0aba502b844d89d457e104c00be57,Dubai E-009
814fbd4fe76255f175bd16c7f001e4f2,Outside Tennis Court Complex
8181559025a931611e290ce4a1b6d240,Ctr Biosci Ed & Tech(CBT)-1160
81c88f5651eb3d73a1d3dd60ac6cc465,Thomas Gosnell Hall (GOS)-2143
8239de33c7a5373c8df8bd10728bf318,James E Booth (BOO)-4600
82e0c383ced09ab7afbdfe9fb55b69c4,James E Booth (BOO)-4505
82e22e1bffa50debfdb57d36e16cdc98,Hugh L Carey Hall (HLC)-2575
830b31b1696de2c213599ccd6126502d,Grace Watson Field West
833981770f5875ddf503388f6310e344,James E Gleason Hall(GLE)-2180
84a55a1fe91dcee1f20a56e9ba8c2c7d,Ctr Biosci Ed & Tech(CBT)-2170
84baead92cc1f61c1112ff65cad355bd,Thomas Gosnell Hall (GOS)-A261
85ac92829dfcc8af6a1788519ebad752,Max Lowenthal Hall (LOW)-3010
85d4f83715f2d6d9f265c94e85150850,Dubai H-213
86045c23bbca22aeddb915fbbcd65523,Golisano Hall (GOL)-2025
862947cf0f66dcb5b18a0405c81a27ae,Max Lowenthal Hall (LOW)-1050
867defd4c2554d816fc84586952fd9e5,Dubai H-109
86d475a51e3ee01e6766bec5d6e06c8c,George Eastman Hall (EAS)-1300
87c046534068adeebedad6482e8df4fb,Lyndon Johnson Hall (LBJ)-2420
8802657328a91498a03e10cf2a0d9bfd,James E Booth (BOO)-1610
8814d59838e448c0c9c9c103b6f65d13,James E Gleason Hall(GLE)-2260
8861d0db2965f12f3451597d74dcf8cb,James E Gleason Hall(GLE)-4460
8961ad2487dbf806aad7c41a464e37b9,Engineering Hall (ENG)-2700
897ca064e04004670f3fe31bb58033dd,Wallace Library (WAL)-3420
8a04560a7f163f3c0346d4fa82a9e907,Frank E. Gannett (GAN)-A100
8a3f73f1ddd855f3eda98b88b6d6fd0a,James E Gleason Hall(GLE)-2139
8b08bb69e3e30a3c65f9a0204e6f5c24,Global Village Plaza (GVP)-400
8b10df714cef47d8f4bee8388f52e20a,James E Gleason Hall(GLE)-4460
8b16bf1562279deb95b7263c920733fe,Annex IX (909) - 1515
8bf21373679916cbde54470a5c9bf48a,Frank E. Gannett (GAN)-1211
8ca70d82aa1d20d0228d757d3f8d701b,Dubai C-107
8ccf0f2826cb5a494adc85e017fec0f2,Student Alumni Union(SAU)-1145
8cda9839edeb6cb0f8889c78a78a1196,James E Gleason Hall(GLE)-4460
8d478fc45706fbc3d6d112a38b52486a,SH Explore & Devel (SHD)-4300
8dd120e013695f4b78664548607cc197,Slaughter Hall (SLA)-2470
8e3cbd2bad3b990e9323b89bb91d093a,James E Gleason Hall(GLE)-2360
901600ea649a5ec946cc19f5563ae800,Ctr Stu Innovation(CSI)-1600
907f19477914ca4e531a4aec421dc56f,George Eastman Hall (EAS)-3330
90887d9c4a937ab45966c47f2a6cfd0e,Liberal Arts Hall (LBR)-3214
9172c539254cc172f348fe811a07c117,James E Gleason Hall(GLE)-4460
91f7c3d4aa696ecfb699ce093c53e7d1,James E Gleason Hall(GLE)-1000
91fae9cbbb22560616d70204e27751bc,George Eastman Hall (EAS)-3379
92111d33d61aa7be559bb3e76287e441,Slaughter Hall (SLA)-1475B
9230ebd55359b7a3eeeff8bf5907fe6b,Thomas Gosnell Hall (GOS)-1305
9261804f6e05924da9d2a0a67d893855,Lewis P Ross Hall (ROS) - A310
927de6d5d3bac6a9831965f551d55bbb,Thomas Gosnell Hall (GOS)-2113
92d28639fe1ac6e3dcde6824d0802b42,Lyndon Johnson Hall (LBJ)-1430
9365495f6c67e57e3b0f2d49a9e4935a,James E Booth (BOO)-1440
9416dec7ca030e66f5e75fadf8bbb743,Lyndon Johnson Hall (LBJ)-1615
9434d5d1c618ab32182b3bf50f6eec9f,Dubai C-106
9448283c905e4cdf42a092ae9b738b7c,Lyndon Johnson Hall (LBJ)-1625
944f89b4f9bb420b456adbc8156aa2e9,George Eastman Hall (EAS)-3287
953d04247b43da4d995f71fc3b4c8b18,Max Lowenthal Hall (LOW)-1245
9551b10deafe611938a4111343dc61ae,DBK 15
956d84959deb256a2e5d4c38a8e4f5e2,Golisano Hall (GOL)-2320
97929b176ab4f0f2fcf4a9167de2173c,Instructor Provided
979dc84b6bf3561f6550b3cac3b0366d,Thomas Gosnell Hall (GOS)-2273
98a4d64c00ea74d6fcce13496405a2ab,James E Gleason Hall(GLE)-3200
9a0441dd25f6c6c2906ac9ebf52658ad,Liberal Arts Hall (LBR)-3232
9a4a7d3864437bf528c5c56d00c2a742,Golisano Hall (GOL)-2780
9a666d7d9c18c6fcbcdd6e52def5d8d9,James E Gleason Hall(GLE)-2360
9a944abdfc1837b84a2c5e3c5568e582,SH Explore & Devel (SHD)-3350
9abdb53861d896657bb43ec80691be47,Wallace Library (WAL)-3605
9aeecce95b26ad3d5c47963ce4021281,Thomas Gosnell Hall (GOS)-2300
9b07a81b5903efcc9d7b0bfd2867eaf8,James E Gleason Hall(GLE)-3190
9bcc4e5b390f707526fd36e3b18e49ae,James E Gleason Hall(GLE)-4425
9c95bd6ca45aa1faa6e745f9c36704d6,Frank E. Gannett (GAN)-A141
9d6c01d75d19e69d5c8d244b0114a103,James E Booth (BOO)-1470
9d6eef4fa377cbe526890b1e4c7bd60a,Thomas Gosnell Hall (GOS)-3179
9ddc6ccd1308b06d7c1938c7cd28ad28,Wallace Library (WAL)-4510
9e03d033cd03c5ffa873ff47087d3022,Frank E. Gannett (GAN)-1118
9e25e050da21f11a786180aec2e4800a,SH Explore & Devel (SHD)-3300
9e27c53ee3e95914b6061710d49a74eb,George Eastman Hall (EAS)-2190
9ed48dba0fd1dc8e3ceecef6fdb5765c,Carlson Ctr Imaging (CAR)-3125
9f173a6a3c66db8ef048e177e20c21f6,Golisano Hall (GOL)-1550
9f4eeab9b3422aed4cfd6e1fa42a1c6a,Sustainability Inst(SUS)-3140
9f70aa02baa2a131059b3a8401e2be06,Dubai C-209
9fa3334567f7c840c95965fcd42b4a8e,Golisano Hall (GOL)-3435
9fb28ed7fc8a0daf0a5373dbe25d8583,Liberal Arts Hall (LBR)-3233
9ff3732bb645a5df7700a42486622440,ZAG-36
a017bb0f5e0f9e623278eb748fe94ac3,James E Gleason Hall(GLE)-2129
a10329eb544e7335feaecc8d5fc78cb2,Max Lowenthal Hall (LOW)-3135
a12eebd06446806f4e4e9216bea23844,Turf Field
a13efe9631500140b1bb93371f3d15a9,James E Booth (BOO)-1305
a1a870f91d82bb38e4ff552bfcbdb316,Student Dev Ctr (CSD)-1310
a1c1b13714f188b644e7281fc098aa32,James E Booth (BOO)-2631
a25cb42449bff3003b6be2cdb510439c,James E Booth (BOO)-3634
a264fd1459bec3f53a4de007ea9c4d12,Lyndon Johnson Hall (LBJ)-3615
a2e1786a5e5b4d027006e88e3a7333bf,Wallace Library (WAL)-A430
a2f58ea10774c4312cbeff66128ce33f,Thomas Gosnell Hall (GOS)-3010
a32017d3054524467fae7f0582558fa7,Thomas Gosnell Hall (GOS)-A100
a3cb91f507f51623da4e7a5516d52fa2,Engineering Hall (ENG)-2700
a3fb822ada08cff84948422de30b5582,Orange Hall (ORN)-1380
a4a18e6d78816f4303efb981ff9005bc,James E Booth (BOO)-4630
a53960603950284af1e81ebb23918951,Frank E. Gannett (GAN)-A140
a58d74ab0d65f452c4c4e2e77aba1863,James E Gleason Hall(GLE)-2360
a6bf1cdaf475d02b90d613f0350f2145,AUK 303
a6eb5a8aedbe84ad31354897fd3599d3,Lyndon Johnson Hall (LBJ)-2480
a710fc2ff04d461e9e3f4d85343d4d73,James E Booth (BOO)-3601
a716a26623a4257c47794905faecc475,Golisano Hall (GOL)-2550
a8578da65677fdf0efea88516293091a,Slaughter Hall (SLA)-1630
a8616b1df9d78832ee672e71356ecf8c,Carlson Ctr Imaging (CAR)-3200
a8658da12c3816ad50ccbfab0a777721,Lyndon Johnson Hall (LBJ)-2110
a86d7ea70fafae9446843e71c9606d27,Lyndon Johnson Hall (LBJ)-2227
a893a817a0cd16009dd55f43be0b1cc0,Frank E. Gannett (GAN)-2155
a9bc1ebe4ae315288a75f722f8a21b73,Thomas Gosnell Hall (GOS)-1300
ab038e17f7898f05779496e20bde0ce9,Dubai E-113
ab1f19a59947aaf2952dc95fc45ffb27,Lyndon Johnson Hall (LBJ)-2500
ab2db73685c3852521852a5e33f23ae2,Frank E. Gannett (GAN)-1297
ab809d6d39cec7526b13c47af849b861,Color Science Hall (COL) -1080
aba76eff88880a395078b46279728248,Lyndon Johnson Hall (LBJ)-2820
acc83e2108504234ef42b9fb9a50a330,Max Lowenthal Hall (LOW)-3225
acf44cdbb09e5f85a815769b87c37565,Hugh L Carey Hall (HLC)-1345
adc900c456ae8bfe38bd86254e658aea,MAGIC Spell Studios (MSS)-2160
adcba322d55f50c718d6b8d599953438,Slaughter Hall (SLA)-1475C
adcbbbebc254d42541e71fc0406ab5e7,James E Gleason Hall(GLE)-2170
ae177a491589391cb735fab4ca838b01,James E Gleason Hall(GLE)-2255
aeec066f0ec822c0331dbb1cb238167b,Thomas Gosnell Hall (GOS)-1345
af2ea72634a39fddb5229108667a83f9,Gordon Field House(GOR)-POOLCM
afd86796f54b38bf91ea39798d84e203,Dubai E-305
b0553411c2980b7ca54c3844c13288f2,James E Gleason Hall(GLE)-2120
b07510a8c71c60e722deeb9e67eadb74,George Eastman Hall (EAS)-1310
b084aec30d01beb59801c413a5bb45ce,Hale-Andrews Center (HAC)-CT2
b16e0ba01b24b5a769d2b655ca5947a6,Institute Hall (INS)-A100
b19ffab94f85d8830ed6959ab2079569,George Eastman Hall (EAS)-4227
b2bbb0d39fe2763f604e6c176df553f7,Frank E. Gannett (GAN)-A110
b2c056e0110e222f16158ca812464e33,Golisano Hall (GOL)-2160
b31f7f1d6553213fa0607271bfa8bec7,James E Gleason Hall(GLE)-4400
b34e8a9b66a0c4aac965a659cf95f2cc,James E Booth (BOO)-2630
b364e1161c037e5bd799509e06ac75b4,Dubai H-108
b3a72b1c70603c0742160c9fe6f20d37,Observatory House (OBH)-001
b3b1d2ea5794b83ad64f0a7260ce0ec7,James E Booth (BOO)-A590
b3b5ec7e801ff7d57f78f8886fc47214,Lyndon Johnson Hall (LBJ)-2225
b44ab62585f8ab73abb8517c93e3abc7,James E Booth (BOO)-2574
b4daf4e6ee969cfcab9479591475f656,Max Lowenthal Hall (LOW)-3115
b4f2dcdbe2ecc32c3a6d44e0f94f87ee,Lyndon Johnson Hall (LBJ)-3645
b50ccc7924ee1dcfca160a4b96bc3102,AUK 305
b592a6aea69e1bed4dcda277c92ad53c,Thomas Gosnell Hall (GOS)-2178
b633d00678c528410e07f9237a177b7e,Slaughter Hall (SLA)-1655
b65f22e987c94ab26c19b2b5f5a7c162,James E Booth (BOO)-2631
b66396f4cb2a49af44caa51c43a57ae5,Slaughter Hall (SLA)-1290
b6694c66df82c930274512a02b4112eb,Wallace Library (WAL)-4520
b66a0c3a20968ee329a39c8d852fea77,Online lec w/in-person lab
b68f00d5f7a00f7992fe92e326b4e2fc,Frank E. Gannett (GAN)-3270
b72691504a53efc6592b8c4b84c16d05,Slaughter Hall (SLA)-1640
b726f4a2cda423da44f61f730c5b8c66,James E Booth (BOO)-3330
b7d1e2e46607b88bdd0adaf3a6fc22a5,Lyndon Johnson Hall (LBJ)-1825
b8e8891fa32e39274692256aa94101c9,Carlson Ctr Imaging (CAR)-1125
b9be3c4e58425810a8ab8d42ef19e481,Hugh L Carey Hall (HLC)-1285
b9c06899ff8cd53027e7da66e286ccc7,Engineering TechHall(ENT)-3145
ba18dd168648c3f3706f7fa7ac8bfd2c,Thomas Gosnell Hall (GOS)-A335
ba26cb75d3fea68836d02525b13534b6,Lyndon Johnson Hall (LBJ)-2355
ba35ba06067c34bfa80b0622338cdc87,Thomas Gosnell Hall (GOS)-1273
ba435294de7c2635e80389f6ecbe0d2e,Thomas Gosnell Hall (GOS)-2345
ba844fbfa9b69177185873def950752a,Liberal Arts Hall (LBR)-A205
bb39659e4c6be1c8eee880f280fd1c96,Max Lowenthal Hall (LOW) -1105
bb750786804e952d4a6b4b3515def10e,Wallace Library (WAL)-4530
bb86819d73eadb8c1afc6317d4dc2919,ZAG-03 LAB
bc83970485a2e317291e79283892d796,Golisano Hall (GOL)-1520
bcc21cd0dfce36aad7353119379f3cc5,MAGIC Spell Studios (MSS)-3190
bdb80b16a6f20ec165eb45ec7ec73e01,Frank E. Gannett (GAN)-A180
be7df7fabf68bd2403b1c1a1a80ec5ba,Lyndon Johnson Hall (LBJ)-1640
bfd605f42607a5c3ddbc6d1c197e6806,James E Gleason Hall(GLE)-3460
bfe9236c3fa5d38896d3ea535680f601,Golisano Hall (GOL)-1640
c03af3e0829e984fc9171f914b3a8306,SH Explore & Devel (SHD)-1380
c0498daa4aa9ca135e53a13f26ee32ee,Hugh L Carey Hall (HLC)-1335
c0512538174cf30bfac2760bad7ff6b1,Dubai C-210
c0632e1dea54c2942e1f4282a47b51cd,James E Gleason Hall(GLE)-4460
c0fd5a80fbf4e742b71cf1e2c068c0e2,Lyndon Johnson Hall (LBJ)-2550
c18fb2a3fb50aec61d940516456fa0f1,James E Gleason Hall(GLE)-1150
c2988d8279e703417150036c30aeea5d,James E Booth (BOO)-2490
c2ccd2be26904235cc080f4aeb324b1d,James E Booth (BOO)-3630
c2e9a3c8606c2aca15ee88ff85eb6065,Golisano Hall (GOL)-2570
c337e7e0a22836f6d13a16b5a6621ce6,James E Gleason Hall(GLE)-3149
c414c5e986d092e33fef8e6d58cbda67,Slaughter Hall (SLA)-1475A
c5284696192c7fa7959039c210257f29,Engineering TechHall(ENT)-3185
c58bf9b7a0daf673d9ce1d75694fe40e,Liberal Arts Hall (LBR)-A210
c5ce318e95ab904c53073003002b0f43,Frank E. Gannett (GAN)-2235
c5d40f7d1d51e39da533e4fb3da9b090,ZAG-46
c5d9a352436ec848979051dce9b792e4,Annex VII (907) - 1300
c5e7f1b4722f0b813de915313c7d73cf,James E Gleason Hall(GLE)-2149
c6721d422a691d32126311c040461ba8,James E Booth (BOO)-2630C
c672c86ea291d124980c8d7fd14e79bf,Hale-Andrews Center (HAC)-CT5
c6c480432323a1c7231243a8807ec44f,Ritter Arena (RIA) - RINK
c719610af15dda33eff4b364f7e8fcd0,James E Booth (BOO)-A630
c7b547a524b6bccd61d0274a2e717aef,SH Explore & Devel (SHD)-1140
c7bfc9a1eeaa00e2e5d6e85085c38c69,Frank E. Gannett (GAN)-3220
c840b041f278d05fc1c7709144ceb72c,Lyndon Johnson Hall (LBJ)-2580
c852220d38dcad0c3fb3344e05bde650,Engineering Hall (ENG)-1545
c917ce1d6a04bb5faf66736405e636e8,Student Dev Ctr (CSD)-2405
c919ff0f0bad74b197a426db04e208c3,Wallace Library (WAL)-4560
c969d0181963986979801da46d611938,Engineering Hall (ENG)-2700
ca3e1aad9196422077320470b166af91,Dubai C-005
cae5770f81883597d914ac6db3fae43e,Engineering Hall (ENG)-2560
cafb6e419e787f341ca6fd843860e76e,ZAG-07
cb259cad08342494518db5acb8248853,James E Booth (BOO)-3310
cb2994ee8bfbdea52e30f00c0da65ecd,Lyndon Johnson Hall (LBJ)-3635
cb4d343c23dc684562a4eeadbb9f289c,Carlson Ctr Imaging (CAR)-3215
cb6275eee8fcfd2bbbd701948df29fe5,Dubai MECHWS
cb9bf59f1d0a89d5166ceec2bea1f8d0,Ctr Biosci Ed & Tech(CBT)-3170
cc41a9e384fc14cb2891a8dc5fa751fb,Golisano Hall (GOL)-3540
cc67dbc51e195e661cac45869dc768da,James E Booth (BOO)-2950
cd3d9f364be0c3f9a37970d1ec4d8fb2,James E Booth (BOO)-3570
cdd7e24dbd279c743283d4782de80ff4,AUK 406
ce20b04354e9b006bc287bd527cf91d3,Frank E. Gannett (GAN)-A191
ce3781128d9866d725118d418e1760c1,Engineering Hall (ENG)-2700
cee254f2a5c275c8013b4184d63f0bf0,Golisano Hall (GOL)-3706
d096864848ff5ffb7877ee5954754737,James E Gleason Hall(GLE)-2140
d119989c8480cfbb0ac34a83d3186957,Thomas Gosnell Hall (GOS)-3107
d12ccbe8fd2389602d344d096d08d308,AUK 407
d1e9bbc2a58637c53e7658da839badf7,Monroe Hall (MON)-A019
d2026fe250979cd7ed5ff0a0bb945800,Thomas Gosnell Hall (GOS)-2305
d20aba91488f0130f52b6b43e2ca7486,Golisano Hall (GOL)-1720 Meeting Room 2
d23439c4d1157847a8ac46afa4ab4eb6,Student Alumni Union(SAU)-A406
d283ec11bc772ba33d09da8462b1f12e,Thomas Gosnell Hall (GOS)-3335
d2e9c062a934270f8bbfe3833ae9d3a5,Frank E. Gannett (GAN)-4000
d355f04ee365d97363f701d9555b44aa,Thomas Gosnell Hall (GOS)-A271
d378709fe96cf5afda4aa612347a6611,Engineering TechHall(ENT)-1150
d39111f5d18ced202e2e562121a4c476,James E Gleason Hall(GLE)-2230
d3ae02089cdbc35be0931fff964c1122,James E Booth (BOO)-4620
d3b66522e76c7b90c68aa6f1eb6573b6,James E Booth (BOO)-1350
d42a167f14dba08bcb833e398059f5bb,Lyndon Johnson Hall (LBJ)-1420
d4d15a9795e8a38c5108cac2fe1b4bfa,Slaughter Hall (SLA)-2450
d559a53ca32dabd367f48f98ebbc28c3,Carlson Ctr Imaging (CAR)-1155
d561b485051fdf73d2c6fd116add57ed,Lyndon Johnson Hall (LBJ)-2335
d59d718c72c40bbef8d50eb5f00c2743,Golisano Hall (GOL)-1360
d615a5a1f11400272194ef1b2e0f1585,Golisano Hall (GOL)-1435
d752d090d45810ece77287cb3690e642,James E Booth (BOO)-2600B
d76a8bec1ab355897f177d05b84480c9,Golisano Hall (GOL)-3710 Video Conference Room
d87340285d876f69634280283f3ddcd5,Lyndon Johnson Hall (LBJ)-2315
d8e55dfffefb8e6cabf930272fb0edf1,Institute Hall (INS)-3170
d9121ab302b9fe4bf119d88509817532,Max Lowenthal (LOW)-1225/1235
d91d92378d2cf07c5d650fa6c6c2737b,Golisano Hall (GOL)-1350
d97ab56eef84d3144590c0df99cc143c,Thomas Gosnell Hall (GOS)-2219
d9806d282c95d3c631ab94f620c09022,James E Booth (BOO)-3471
d98ba0c032bef89c07d612c4fd073302,Golisano Hall (GOL)-1710 Meeting Room 3
d9fc3e0b74e78efa77db5f2884a94711,Frank E. Gannett (GAN)-A020
da899dc38cf61b9fd39a8bb1470eff16,Dubai D-112
da92abae95724751224b0c969fb65e45,Dubai B-107
dab9092f9eea7a22f688cbbd6730cdb0,Frank E. Gannett (GAN)-A155
dac72941a2dadc12c92613fcef647d66,Golisano Hall (GOL)-3620
db03eba543de944c7a9af06abfc067b0,Ctr Biosci Ed & Tech(CBT)-1130
db521c8c24276dbfb035d72b0353961a,Wallace Library (WAL)-A420
dbafb75916bba5e6d5c16f800f68e6f8,Liberal Arts Hall (LBR)-A269
dbd9d449467f409b63e6357f66783c28,Lyndon Johnson Hall (LBJ)-2590
dbfd03509bafd1589408bfe2fef71bba,Engineering TechHall(ENT)-1125
dc43874d92c1f6f4b579369e97cc7113,Institute Hall (INS)-1140
dc5bd7db1a9b222e9c5b2cdab1506db3,Frank E. Gannett (GAN)-4020
dc81704d723412b573ece55b9052eb36,Slaughter Hall (SLA)-2150
dc99e6975841338c3aa8287cf80dde7b,Golisano Hall (GOL)-2500
dd72b3bdfb194c0efe796f595ff4e4f3,James E Gleason Hall(GLE)-1100
dda31fad0d3ebf2d638a356966923e12,George Eastman Hall (EAS)-2000
de6f3261e60269d949142f6ac6aa6939,Max Lowenthal Hall (LOW)-3015
df6e44432ade3653f68a4f5afd9db0b4,James E Gleason Hall(GLE)-1139
dfa244b64d8511d33899ec1a14cf5b22,Golisano Hall (GOL)-3610
e01eb629262d8b83dc44ad7dbbddabb0,Frank E. Gannett (GAN)-2211
e042044c67ffeb1e4cbe038c0f1a348e,James E Gleason Hall(GLE)-3159
e1a246c2017315da4ced50b0a8429eb3,Dubai H-106
e1b0ce77ba94e675e8fe3b14f1799fe1,Hale-Andrews Center (HAC)-CT3
e1d61d4133f9c8509408e227f5d9b3e9,Thomas Gosnell Hall (GOS)-A207
e272a5d7b151bda56d9d6ef0bf73d4c2,Institute Hall (INS)-3090
e285d8a72be3ec84dea0adf3599f7c20,Golisano Hall (GOL)-2690
e3055f8a1027bd65fd6ec78299e27010,James E Booth (BOO)-3634
e3220a96ee30fbfe59b6c509d6cad076,MAGIC Spell Studios (MSS)-2100
e362a87f6583d44dc0b0360dd52da932,ZAG-05
e3a65dfa58fb70c99a07377a3e0cde4b,Thomas Gosnell Hall (GOS)-1125
e43ba68b86690c55ba7b0da0ca60d7e8,James E Gleason Hall(GLE)-1129
e44caf2727e60007c2f1a01a986d5cea,Student Alumni Union(SAU)-GAME
e4b6c3ebcc313b7f529ff0f0fc2d1f85,Golisano Hall (GOL)-2435
e4fa6c8807eeb6f58a6533e811977737,Frank E. Gannett (GAN)-A080
e5530c4c9b9020c6c82fa14d49aafd82,DBK 11
e5840784e1203859eb1b633a9686da32,Golisano Hall (GOL)-3520
e64524305000250ad0d68ff7e103fd28,Liberal Arts Hall (LBR)-3215
e6573359efb621c93be93e93111fa2ab,Hugh L Carey Hall (HLC)-2555
e6d94f229b0a2734d5fb0c7bb7d05bb3,Dubai B-210
e82abcfed2d6799e2b1d0ab7c3a15ed2,James E Gleason Hall(GLE)-1517
e8ddbc675fd84565ae859f76238d5cc6,James E Gleason Hall(GLE)-1510
e8fde5debf910a0725931da58fa9bd7f,James E Booth (BOO)-4621
e9ca4a45a20b1dbaa9ae5ec2614d1bc6,Sustainability Inst(SUS)-3160
e9ec5157749f135acc9c179e2e9d59d5,James E Gleason Hall(GLE)-2550
ea03a194a4694a04943e9d11bd015a8a,James E Booth (BOO)-1480
ea7726fbbe8a4956bfebcedb6837caa7,James E Booth (BOO)-3630
ea9c948372e6a450db218997c48c0e77,James E Booth (BOO)-3634
eaecf403af67747e0cfd20cb10708413,James E Gleason Hall(GLE)-2260
eb106f80cd87f68c0452af1cb45615f8,Orange Hall (ORN)-1370
eb349a805c0bad0f3a8221bcd1c64431,AUK 408
eb753427d61a045753272104558898b4,Lyndon Johnson Hall (LBJ)-1310
eb96218d93af997bdee10d3a7c794203,Dubai H-212
eb96f203f23e6ebacd166e53f92de243,Golisano Hall (GOL)-1730 Meeting Room 1
ebdc38a5694e771285bce1edf713989f,James E Gleason Hall(GLE)-1550
ec04ff5561f85e881328f46de33de886,Institute Hall (INS)-3120
ec2f3cae01a90c2ac07694a38e9b6e0b,Institute Hall (INS)-1080
ec6fd620b7c36b71be898790b9f31647,Golisano Hall (GOL)-1160
ec8b51bd4648972c983f43fbe4d6fbf9,Institute Hall (INS)-1180
eca609ddfdfe688145a1ce89dffd746e,Engineering Hall (ENG)-2110
ece71630bf0a60d65eb7571cad8b3e50,Dubai D-207
ece9af897448eaa0720767458ab09e45,Lyndon Johnson Hall (LBJ)-1761
ed1348855190ba22d56cdf26b261a179,James E Gleason Hall(GLE)-1238
ed6b18d16f75d26b72141ee634677f99,Frank E. Gannett (GAN)-2050
edcaf90c91f5778ced9f59cadb3be3bc,Monroe Hall (MON)-2010
ede0cdc2e46de44a471484730866bbef,Lyndon Johnson Hall (LBJ)-3643
ee003549a5866762fdc2a5885db8193d,James E Gleason Hall(GLE)-4460
ee1cf893d9da200b1444d6b988d5dbc0,Dubai C-108
ee261715ad9ed3d69110bf5496709c5b,James E Booth (BOO)-1611
eef001a652bf665f1e175e67129f77a4,Dubai H-004
ef479077c237433c09b4e826143f0069,Frank E. Gannett (GAN)-A165
ef776ee74093f6c5307bea67f122b680,Lyndon Johnson Hall (LBJ)-3355
efdbc72573b6579ca47b82af22f8d209,DBK 03
f045f239d34b8aac6f541bdc3248782e,Liberal Arts Hall (LBR)-A201
f049c60ff29c743399599d6d6c04d417,Frank E. Gannett (GAN)-A171
f12d923983bd87ebf98537100c9a5fb5,Frank E. Gannett (GAN)-A170
f18bbe7cb0262d187f10818684ce2a3a,Lyndon Johnson Hall (LBJ)-1721
f1e5113fb2ab556ce45a0a1f1908a22e,Thomas Gosnell Hall (GOS)-3125
f247937b20441646d7d31fb9317b2dc9,James E Gleason Hall(GLE)-2271
f29162a6e7f4d559805cd09eb44b0312,James E Booth (BOO)-2631
f293e63b6c52893cf0ff150a633d3415,Carlson Ctr Imaging (CAR)-1210
f29e7c212d478cb12f65d4ca8aa135a6,Dubai E-318
f2d8882e70313b1949a5c7df19cf9b35,Engineering TechHall(ENT)-2180
f3004ac7a6a86394b26b9604dd21b115,James E Booth (BOO)-A305
f5259811d7ec83a495ee811c11ec42c7,James E Gleason Hall(GLE)-2260
f5300a776c3c7b9c40394bdab3d474cd,DBK 01
f56c311123b795e67204d077f14ab4d7,Max Lowenthal Hall (LOW)-3105
f5f522e5820275a1e6f2debea147cf15,Student Dev Ctr (CSD)-2102
f68e6bb74068bf23adc3ca92493ae1ca,James E Booth (BOO)-3630
f693918cfb90035e382049ebee61b67b,Hale-Andrews Center (HAC)-A415
f718e86a775cf40db9c2d5a9abd7dfc7,Slaughter Hall (SLA)-1270
f7d2235eb1ce8dabb8da346047cc843d,James E Gleason Hall(GLE)-1159
f9155703682a8c51794171eed1dbb5f7,Engineering TechHall(ENT)-3165
fa3b386f52ed0ed8ed354b005497e6e1,Slaughter Hall (SLA)-2170
fbd89a462f834bdf779cd080c8d98f1c,James E Booth (BOO)-3500
fc0ac289cf199da41bf81ec6cd8b6837,ZAG-45
fc181e1eaf44a7c7a1eab3edafe0f193,Wallace Library (WAL)-3490
fc2ba000d8e87a3e47bab74aafdd7a14,MAGIC Spell Studios (MSS)-3172
fc4b27b577ba8f194d2271b79ce8ee75,James E Booth (BOO)-1560
fc4bcc4b160a1c0983acca313e2f7ffe,James E Gleason Hall(GLE)-2360
fd1da7f1a71d8a9541792a66289a3588,Thomas Gosnell Hall (GOS)-3154
fd7482b38ba50df9df01aaa75b519a2d,James E Booth (BOO)-3580
fd94ad0ad1b0db40b80fdadf9865ae7c,Frank E. Gannett (GAN)-1950
fde2b3bfe5803394ccbed9769c61c4a0,Wallace Library (WAL)-3510
fdf2ddd1a86bf62b1e213c80734e9262,James E Gleason Hall(GLE)-4460
feffa3d3a0daaa3cdfea70ed25419e66,Student Dev Ctr (CSD)-1300
ff77a0c3b24103d868759e72630b800d,Wallace Library (WAL)-3560
ff8470bd540625e591208efd9a7c4f20,James E Booth (BOO)-4501
ff9b5828506b035877c9398e9bf6c328,ZAG-10
